Nom de l'image,Label,Coordonnées des points
./AnnotedImage\image4_g.jpg,EquationG38,"[[450.5, 39.5], [478.5, 227.5], [890.5, 207.5], [894.5, 23.5], [618.5, 11.5]]"
./AnnotedImage\image4_g.jpg,EquationG39,"[[1398.5, 487.5], [1390.5, 735.5], [1594.5, 747.5], [1590.5, 855.5], [1542.5, 863.5], [1550.5, 967.5], [1534.5, 1027.5], [1714.5, 1067.5], [1698.5, 1103.5], [1550.5, 1103.5], [1554.5, 1199.5], [1662.5, 1215.5], [1730.5, 1219.5], [1794.5, 1219.5], [1902.5, 1243.5], [1990.5, 1143.5], [1986.5, 1083.5], [1790.5, 1043.5], [1782.5, 947.5], [1866.5, 975.5], [1886.5, 1059.5], [1974.5, 1075.5], [2086.5, 1111.5], [2314.5, 1107.5], [2346.5, 831.5], [2354.5, 659.5], [2362.5, 503.5], [2022.5, 475.5], [2018.5, 599.5], [1826.5, 575.5], [1826.5, 511.5]]"
./AnnotedImage\image4_g.jpg,EquationG40,"[[1708.25, 1270.0], [1723.25, 1337.5], [1780.75, 1335.0], [1793.25, 1257.5]]"
./AnnotedImage\image4_g.jpg,EquationG41,"[[1893.25, 1282.5], [1885.75, 1362.5], [1940.75, 1362.5], [1958.25, 1270.0]]"
./AnnotedImage\image4_g.jpg,TexteG25,"[[1563.25, 845.0], [1575.75, 780.0], [1445.75, 770.0], [1453.25, 852.5], [1420.75, 1072.5], [1418.25, 1195.0], [1425.75, 1400.0], [1748.25, 1427.5], [1673.25, 1260.0], [1803.25, 1270.0], [1800.75, 1230.0], [1693.25, 1220.0], [1555.75, 1195.0], [1563.25, 1092.5], [1713.25, 1112.5], [1718.25, 1057.5], [1523.25, 1015.0], [1578.25, 790.0], [1580.75, 770.0], [1578.25, 772.5]]"
./AnnotedImage\image4_g.jpg,TexteG26,"[[2008.25, 1090.0], [1988.25, 1167.5], [1933.25, 1222.5], [1975.75, 1317.5], [2120.6111111111113, 1330.5555555555557], [2158.25, 1415.0], [2273.3888888888887, 1355.5555555555557], [2368.0, 1196.5384615384614], [2325.75, 1145.0], [2163.25, 1165.0], [2178.25, 1077.5], [2148.25, 1102.5]]"
./AnnotedImage\image4_g.jpg,EquationG42,"[[2183.25, 1097.5], [2193.25, 1175.0], [2323.25, 1152.5], [2303.25, 1082.5]]"
