Nom de l'image,Label,Coordonnées des points
./AnnotedImage\image10_g.jpg,TexteG60,"[[198.35714285714306, 59.99999999999999], [215.50000000000017, 357.1428571428571], [612.6428571428573, 397.1428571428571], [658.3571428571431, 345.71428571428567], [792.6428571428573, 339.99999999999994], [869.7857142857144, 285.71428571428567], [1209.7857142857142, 291.4285714285714], [1229.7857142857142, 405.71428571428567], [1315.5, 397.1428571428571], [1335.5, 297.1428571428571], [1598.357142857143, 325.71428571428567], [1884.0714285714284, 294.2857142857143], [2192.642857142857, 302.85714285714283], [2410.0, 317.1883830455259], [2410.0, 117.14285714285714], [764.0714285714287, 65.71428571428571]]"
./AnnotedImage\image10_g.jpg,TexteG61,"[[932.6428571428571, 379.99999999999994], [912.6428571428571, 540.0], [721.2142857142858, 571.4285714285713], [501.21428571428584, 591.4285714285713], [524.0714285714287, 919.9999999999999], [2410.0, 912.0087772397094], [2410.0, 585.7142857142857], [2089.785714285714, 577.1428571428571], [1901.2142857142858, 568.5714285714286], [1749.7857142857142, 551.4285714285713], [1538.357142857143, 531.4285714285713], [1295.5, 537.1428571428571], [1155.5, 502.85714285714283], [1138.357142857143, 419.99999999999994]]"
./AnnotedImage\image10_g.jpg,EquationG161,"[[1352.642857142857, 277.1428571428571], [1338.357142857143, 422.85714285714283], [1515.5, 414.2857142857142], [1512.642857142857, 288.57142857142856]]"
./AnnotedImage\image10_g.jpg,EquationG162,"[[1672.642857142857, 308.57142857142856], [1658.357142857143, 439.99999999999994], [1801.2142857142858, 457.1428571428571], [2410.0, 459.83659924146644], [2410.0, 299.99999999999994], [1826.9285714285716, 291.4285714285714]]"
./AnnotedImage\image10_g.jpg,EquationG163,"[[1184.0714285714287, 402.85714285714283], [1164.0714285714287, 531.4285714285713], [1718.3571428571427, 531.4285714285713], [1712.6428571428573, 428.57142857142856]]"
./AnnotedImage\image10_g.jpg,EquationG164,"[[1932.6428571428573, 454.2857142857142], [1932.6428571428573, 582.8571428571428], [2349.785714285714, 588.5714285714286], [2329.785714285714, 459.99999999999994]]"
