Nom de l'image,Label,Coordonnées des points
./AnnotedImage\image6_d.jpg,texteD42,"[[309.66666666666663, 35.99999999999985], [136.33333333333326, 589.3333333333331], [2366.333333333333, 659.3333333333331], [2426.333333333333, 349.3333333333332], [2329.666666666667, 29.333333333333183], [2039.6666666666667, 12.666666666666515], [1579.6666666666667, 22.66666666666652], [1276.3333333333333, 25.99999999999985], [843.0, 19.333333333333183], [446.33333333333326, 32.666666666666515]]"
./AnnotedImage\image6_d.jpg,equationD42,"[[16.0, 816.0], [516.0, 1156.0], [476.0, 1512.0], [776.0, 1604.0], [676.0, 1832.0], [24.0, 1880.0], [0.0, 1358.857142857143], [0.0, 808.0]]"
